StartDate,EndDate,Status,IPAddress,Progress,Duration (in seconds),Finished,RecordedDate,ResponseId,RecipientLastName,RecipientFirstName,RecipientEmail,ExternalReference,LocationLatitude,LocationLongitude,DistributionChannel,UserLanguage,Q146_1,Q146_2,Q146_3,Q146_4,UTIL_1,UTIL_2,UTIL_3,UTIL_4,UTIL_5,UTIL_6,DEON_1,DEON_2,DEON_3,DEON_4,DEON_5,DEON_6,Post_Int_1_10,Post_Int_2_1,Post_Int_3_1,Post_Int_4_1,Q114_1,Q114_2,Q114_3,Q114_4,Q116_10,Q117_1,Q118_1,Q119_1,Q121_1,Q121_2,Q121_3,Q121_4,High_Like_Free_R,High_Hard_Free_R,Pol_High_1,Age_High,Gender_High,Race_High,School_High,Q163_10,Q164_1,Q165_1,Q166_1,Q169_1,Q169_2,Q169_3,Q169_4,Q171_10,Q172_1,Q173_1,Q174_1,Q176_1,Q176_2,Q176_3,Q176_4,Low_Like_Free_R,Low_Hard_Free_R,Pol_Low_1,Age_Low,Gender_Low,Race_Low,School_Low,SILS_1_1,SNS_1_1,SNS_2_1,SNS_3_1,SNS_4_1,SNS_5_1,SNS_6_1,SNS_7_1,SNS_8_1,NZ1_A_5,NZ1_A_6,NZ1_A_17,NZ1_A_24,NZ1_A_25,NZ1_B_5,NZ1_B_6,NZ1_B_17,NZ1_B_24,NZ1_B_25,NZ5_A_5,NZ5_A_6,NZ5_A_17,NZ5_A_24,NZ5_A_25,NZ5_B_5,NZ5_B_6,NZ5_B_17,NZ5_B_24,NZ5_B_25,RNS_1,RNS_2,RNS_3,RNS_4,RNS_5,RNS_6,RNS_7,RNS_8,id
Start Date,End Date,Response Type,IP Address,Progress,Duration (in seconds),Finished,Recorded Date,Response ID,Recipient Last Name,Recipient First Name,Recipient Email,External Data Reference,Location Latitude,Location Longitude,Distribution Channel,User Language,"Again, please answer the following questions by selecting the choice that best reflects how much you agree or disagree with the following statements. - Greenhouse gas emissions generated by human activity has and will continue to change Earth's climate","Again, please answer the following questions by selecting the choice that best reflects how much you agree or disagree with the following statements. - Our government needs to implement Universal Health Care because basic population needs are not being met","Again, please answer the following questions by selecting the choice that best reflects how much you agree or disagree with the following statements. - Capital Punishment (the Death Penalty) is necessary in America","Again, please answer the following questions by selecting the choice that best reflects how much you agree or disagree with the following statements. - Slavery, forced labor and human trafficking are violations of human rights","Please answer the following questions by selecting the choice that best reflects how much you agree or disagree with the following statements. - When people disagree over ethical matters, I strive for workable compromises","Please answer the following questions by selecting the choice that best reflects how much you agree or disagree with the following statements. - When thinking of ethical problems, I try to develop practical, workable alternatives",Please answer the following questions by selecting the choice that best reflects how much you agree or disagree with the following statements. - It is of value to societies to be responsive and adapt to new conditions as the world changes,Please answer the following questions by selecting the choice that best reflects how much you agree or disagree with the following statements. - Solutions to ethical problems usually are seen as some shade of grey,"Please answer the following questions by selecting the choice that best reflects how much you agree or disagree with the following statements. - When making an ethical decision, one should pay attention to others' needs, wants, and desires",Please answer the following questions by selecting the choice that best reflects how much you agree or disagree with the following statements. - The purpose of the government should be to promote the best possible life for it's citizens,Please answer the following questions by selecting the choice that best reflects how much you agree or disagree with the following statements. - Solutions to ethical problems are usually black and white,Please answer the following questions by selecting the choice that best reflects how much you agree or disagree with the following statements. - A person's actions should be described in terms of being right or wrong,"Please answer the following questions by selecting the choice that best reflects how much you agree or disagree with the following statements. - A nation should pay the most attention to it's heritage, it's roots",Please answer the following questions by selecting the choice that best reflects how much you agree or disagree with the following statements. - Societies should follow stable traditions and maintain a distinctive identity,Please answer the following questions by selecting the choice that best reflects how much you agree or disagree with the following statements. - Uttering a falsehood is wrong because it wouldn't be right for anyone to lie,Please answer the following questions by selecting the choice that best reflects how much you agree or disagree with the following statements. - Unethical behavior is best described as a violation of some principle of the law,"""Greenhouse gas emissions generated by human activity has and will continue to change Earth's climate""","""Our government needs to implement Universal Health Care because basic population needs are not being met""","""Capital Punishment (the Death Penalty) is necessary in America""","""Slavery, forced labor and human trafficking are violations of human rights""","Please answer the following questions by selecting the choice that best reflects your level of surprise at the results of the public survey - ""Greenhouse gas emissions generated by human activity has and will continue to change Earth's climate.""","Please answer the following questions by selecting the choice that best reflects your level of surprise at the results of the public survey - ""The US government needs to implement Universal Health Care because basic population needs are not being met.""","Please answer the following questions by selecting the choice that best reflects your level of surprise at the results of the public survey - ""Capital Punishment (the Death Penalty) is necessary in the US.""","Please answer the following questions by selecting the choice that best reflects your level of surprise at the results of the public survey - ""Slavery, forced labor, and human trafficking are violations of human rights.""","""Greenhouse gas emissions generated by human activity has and will continue to change Earth's climate""","""Our government needs to implement Universal Health Care because basic population needs are not being met""","""Capital Punishment (the Death Penalty) is necessary in America""","""Slavery, forced labor and human trafficking are violations of human rights""","Again, please answer the following questions by selecting the choice that best reflects how much you agree or disagree with the following statements. - Greenhouse gas emissions generated by human activity has and will continue to change Earth's climate","Again, please answer the following questions by selecting the choice that best reflects how much you agree or disagree with the following statements. - Our government needs to implement Universal Health Care because basic population needs are not being met","Again, please answer the following questions by selecting the choice that best reflects how much you agree or disagree with the following statements. - Capital Punishment (the Death Penalty) is necessary in America","Again, please answer the following questions by selecting the choice that best reflects how much you agree or disagree with the following statements. - Slavery, forced labor and human trafficking are violations of human rights",What are things you liked about the exercise you just completed?,What are challenges you had with the exercise you just completed?,"In politics people
sometimes talk of ‘left’ and ‘right’. Where would you place yourself on a scale from 1 to 11 where 1 means extreme left and 11 means extreme right? - Left:Right",What is your age?,To which gender identity do you most identify?,How would you best characterize your race/ethnicity? (check all that apply),What is your year in school?,"""Greenhouse gas emissions generated by human activity has and will continue to change Earth's climate""","""Our government needs to implement Universal Health Care because basic population needs are not being met""","""Capital Punishment (the Death Penalty) is necessary in America""","""Slavery, forced labor and human trafficking are violations of human rights""","Please answer the following questions by selecting the choice that best reflects your level of surprise at the results of the public survey - ""Greenhouse gas emissions generated by human activity has and will continue to change Earth's climate.""","Please answer the following questions by selecting the choice that best reflects your level of surprise at the results of the public survey - ""The US government needs to implement Universal Health Care because basic population needs are not being met.""","Please answer the following questions by selecting the choice that best reflects your level of surprise at the results of the public survey - ""Capital Punishment (the Death Penalty) is necessary in the US.""","Please answer the following questions by selecting the choice that best reflects your level of surprise at the results of the public survey - ""Slavery, forced labor, and human trafficking are violations of human rights.""","""Greenhouse gas emissions generated by human activity has and will continue to change Earth's climate""","""Our government needs to implement Universal Health Care because basic population needs are not being met""","""Capital Punishment (the Death Penalty) is necessary in America""","""Slavery, forced labor and human trafficking are violations of human rights""","Again, please answer the following questions by selecting the choice that best reflects how much you agree or disagree with the following statements. - Greenhouse gas emissions generated by human activity has and will continue to change Earth's climate","Again, please answer the following questions by selecting the choice that best reflects how much you agree or disagree with the following statements. - Our government needs to implement Universal Health Care because basic population needs are not being met","Again, please answer the following questions by selecting the choice that best reflects how much you agree or disagree with the following statements. - Capital Punishment (the Death Penalty) is necessary in America","Again, please answer the following questions by selecting the choice that best reflects how much you agree or disagree with the following statements. - Slavery, forced labor and human trafficking are violations of human rights",What are things you liked about the exercise you just completed?,What are challenges you had with the exercise you just completed?,"In politics people
sometimes talk of ‘left’ and ‘right’. Where would you place yourself on a scale from 1 to 11 where 1 means extreme left and 11 means extreme right? - Left:Right",What is your age?,To which gender identity do you most identify?,How would you best characterize your race/ethnicity? (check all that apply),What is your year in school?,Please answer the following question by selecting the choice that best reflects how good you are at doing the following task - How confident are you filling out medical forms by yourself?,How good are you at working with fractions?,How good are you at working with percentages?,How good are you at calculating a 15% tip?,How good are you at figuring how much a shirt will cost if it is 25% off?,"When reading the newspaper, how helpful do you find tables and graphs that are parts of a story?","When people tell you the chance of something happening, do you prefer that they use words (""it rarely happens"") or numbers (""there's a 1% chance"")?","When you hear a weather forecast, do you prefer predictions using percentages (e.g., ""there will be a 20% chance of rain today"") or predictions using only words (e.g., ""there is a small chance of rain today"")?",How often do you find numerical information to be useful?,Please place each fractional number where you believe it should be on the number line (0 to 1) - 1/19,Please place each fractional number where you believe it should be on the number line (0 to 1) - 1/7,Please place each fractional number where you believe it should be on the number line (0 to 1) - 1/4,Please place each fractional number where you believe it should be on the number line (0 to 1) - 3/8,Please place each fractional number where you believe it should be on the number line (0 to 1) - 1/2,Please place each fractional number where you believe it should be on the number line (0 to 1) - 4/7,Please place each fractional number where you believe it should be on the number line (0 to 1) - 2/3,Please place each fractional number where you believe it should be on the number line (0 to 1) - 7/9,Please place each fractional number where you believe it should be on the number line (0 to 1) - 5/6,Please place each fractional number where you believe it should be on the number line (0 to 1) - 12/13,Please place each fractional number where you believe it should be on the number line (0 to 5) - 1/19,Please place each fractional number where you believe it should be on the number line (0 to 5) - 4/7,Please place each fractional number where you believe it should be on the number line (0 to 5) - 7/5,Please place each fractional number where you believe it should be on the number line (0 to 5) - 13/9,Please place each fractional number where you believe it should be on the number line (0 to 5) - 8/3,Please place each fractional number where you believe it should be on the number line (0 to 5) - 11/4,Please place each fractional number where you believe it should be on the number line (0 to 5) - 10/3,Please place each fractional number where you believe it should be on the number line (0 to 5) - 7/2,Please place each fractional number where you believe it should be on the number line (0 to 5) - 17/4,Please place each fractional number where you believe it should be on the number line (0 to 5) - 9/2,"If it takes ﬁve machines 5 minutes to make ﬁve
widgets, how long would it take 100 machines to make 100 widgets?","A bat and a ball cost $1.10 in total. The bat
costs $1.00 more than the ball. How much does the ball cost?","In the ACME PUBLISHING SWEEPSTAKES, the chance
of winning a car is 1 in 1000. What percent of tickets of ACME PUBLISHING
SWEEPSTAKES win a car?","In the BIG BUCKS LOTTERY, the chances of winning
a $10.00 prize are 1%. What is your best guess about how many people would win
a $10.00 prize if 1000 people each buy a single ticket from BIG BUCKS?","Imagine that we roll a fair, six-sided die 1000
times. Out of 1000 rolls, how many times do you think the die would come up as
an even number?","If the chance of getting a disease is 20 out of
100, this would be the same as having a _____% chance of getting the disease","If the chance of getting a disease is 10%, how
many people would be expected to get the 

disease out of 1000?","Suppose you have a close friend
who has a lump in her breast and must have a mammogram. Of 100 women like her,
10 of them actually have a malignant tumor and 90 of them do not.
Of the 10
women who actually have a tumor, the mammogram indicates correctly that 9 of
them have a tumor and indicates incorrectly that 1 of them does not.
Of the 90
women who do not have a tumor, the mammogram indicates correctly that 81 of
them do not have a tumor and indicates incorrectly that 9 of them do have a
tumor. 
The following table summarizes the information provided. Imagine that
your friend tests positive (as if she has a tumor). What is the likelihood that
she actually has a tumor?",id
"{""ImportId"":""startDate"",""timeZone"":""America/Denver""}","{""ImportId"":""endDate"",""timeZone"":""America/Denver""}","{""ImportId"":""status""}","{""ImportId"":""ipAddress""}","{""ImportId"":""progress""}","{""ImportId"":""duration""}","{""ImportId"":""finished""}","{""ImportId"":""recordedDate"",""timeZone"":""America/Denver""}","{""ImportId"":""_recordId""}","{""ImportId"":""recipientLastName""}","{""ImportId"":""recipientFirstName""}","{""ImportId"":""recipientEmail""}","{""ImportId"":""externalDataReference""}","{""ImportId"":""locationLatitude""}","{""ImportId"":""locationLongitude""}","{""ImportId"":""distributionChannel""}","{""ImportId"":""userLanguage""}","{""ImportId"":""QID185_1""}","{""ImportId"":""QID185_2""}","{""ImportId"":""QID185_3""}","{""ImportId"":""QID185_4""}","{""ImportId"":""QID146_1""}","{""ImportId"":""QID146_2""}","{""ImportId"":""QID146_3""}","{""ImportId"":""QID146_4""}","{""ImportId"":""QID146_5""}","{""ImportId"":""QID146_6""}","{""ImportId"":""QID149_1""}","{""ImportId"":""QID149_2""}","{""ImportId"":""QID149_3""}","{""ImportId"":""QID149_4""}","{""ImportId"":""QID149_5""}","{""ImportId"":""QID149_6""}","{""ImportId"":""QID73_10""}","{""ImportId"":""QID74_1""}","{""ImportId"":""QID75_1""}","{""ImportId"":""QID77_1""}","{""ImportId"":""QID153_1""}","{""ImportId"":""QID153_2""}","{""ImportId"":""QID153_3""}","{""ImportId"":""QID153_4""}","{""ImportId"":""QID155_10""}","{""ImportId"":""QID156_1""}","{""ImportId"":""QID157_1""}","{""ImportId"":""QID158_1""}","{""ImportId"":""QID160_1""}","{""ImportId"":""QID160_2""}","{""ImportId"":""QID160_3""}","{""ImportId"":""QID160_4""}","{""ImportId"":""QID24_TEXT""}","{""ImportId"":""QID135_TEXT""}","{""ImportId"":""QID186_1""}","{""ImportId"":""QID26_TEXT""}","{""ImportId"":""QID27""}","{""ImportId"":""QID28""}","{""ImportId"":""QID29""}","{""ImportId"":""QID163_10""}","{""ImportId"":""QID164_1""}","{""ImportId"":""QID165_1""}","{""ImportId"":""QID166_1""}","{""ImportId"":""QID169_1""}","{""ImportId"":""QID169_2""}","{""ImportId"":""QID169_3""}","{""ImportId"":""QID169_4""}","{""ImportId"":""QID171_10""}","{""ImportId"":""QID172_1""}","{""ImportId"":""QID173_1""}","{""ImportId"":""QID174_1""}","{""ImportId"":""QID176_1""}","{""ImportId"":""QID176_2""}","{""ImportId"":""QID176_3""}","{""ImportId"":""QID176_4""}","{""ImportId"":""QID178_TEXT""}","{""ImportId"":""QID179_TEXT""}","{""ImportId"":""QID187_1""}","{""ImportId"":""QID181_TEXT""}","{""ImportId"":""QID182""}","{""ImportId"":""QID183""}","{""ImportId"":""QID184""}","{""ImportId"":""QID133_4""}","{""ImportId"":""QID99_1""}","{""ImportId"":""QID100_1""}","{""ImportId"":""QID101_1""}","{""ImportId"":""QID102_1""}","{""ImportId"":""QID104_1""}","{""ImportId"":""QID105_1""}","{""ImportId"":""QID106_1""}","{""ImportId"":""QID107_1""}","{""ImportId"":""QID120_5""}","{""ImportId"":""QID120_6""}","{""ImportId"":""QID120_17""}","{""ImportId"":""QID120_24""}","{""ImportId"":""QID120_25""}","{""ImportId"":""QID130_5""}","{""ImportId"":""QID130_6""}","{""ImportId"":""QID130_17""}","{""ImportId"":""QID130_24""}","{""ImportId"":""QID130_25""}","{""ImportId"":""QID131_5""}","{""ImportId"":""QID131_6""}","{""ImportId"":""QID131_17""}","{""ImportId"":""QID131_24""}","{""ImportId"":""QID131_25""}","{""ImportId"":""QID132_5""}","{""ImportId"":""QID132_6""}","{""ImportId"":""QID132_17""}","{""ImportId"":""QID132_24""}","{""ImportId"":""QID132_25""}","{""ImportId"":""QID109_TEXT""}","{""ImportId"":""QID110_TEXT""}","{""ImportId"":""QID111_TEXT""}","{""ImportId"":""QID112_TEXT""}","{""ImportId"":""QID113_TEXT""}","{""ImportId"":""QID114_TEXT""}","{""ImportId"":""QID115_TEXT""}","{""ImportId"":""QID116_TEXT""}","{""ImportId"":""id""}"
2023-02-24 12:37:55,2023-02-24 12:47:13,1,,100,557,1,2023-02-24 12:47:14,R_1oeeP24D7VnC05p,,,,,38.9336,-92.363,preview,EN,,,,,5,5,5,5,5,5,5,5,5,5,5,5,,,,,,,,,,,,,,,,,,,,,,,,10,14,16,12,5,5,5,5,28,22,18,27,,,,,H,H,,18,,,,5,2,2,2,2,2,2,2,2,0.049,0.151,0.305,0.436,0.544,0.695,0.643,0.807,0.885,0.961,0.721,0.803,0.443,0.623,0.377,0.639,0.508,0.443,0.623,0.426,,,,,,,,,
2023-02-27 12:53:44,2023-02-27 13:16:12,1,,100,1348,1,2023-02-27 13:16:14,R_uh4nLxJaxBIfpWF,,,,,38.9336,-92.363,preview,EN,,,,,5,5,5,5,5,5,5,5,5,5,5,5,52,50,50,52,1,1,1,1,80,82,82,81,,,,,x,x,,,,,,,,,,,,,,,,,,,,,,,,,,,,,5,3,2,2,2,2,3,2,2,0.076,0.213,0.296,0.487,0.587,0.407,0.654,0.742,0.827,0.892,0.331,1.092,2.43,3.373,3.542,0.458,0.711,0.901,0.817,1.296,,,,,,,,,
2023-02-27 14:55:11,2023-02-27 15:14:57,1,,100,1186,1,2023-02-27 15:14:58,R_OrKcqJ7CZOGsQ3T,,,,,38.9361,-92.3056,preview,EN,,,,,4,4,5,3,4,5,2,2,3,3,2,4,35,83,56,72,3,2,5,2,68,97,42,96,,,,,Seeing the actual percentages of how the public thought in 2018 after making a guess at the percentages from that year.,Thinking back a few years and trying to consider how the public felt about the issues mentioned.,,20,2,1,2,,,,,,,,,,,,,,,,,,,,,,,,2,4,4,3,5,5,5,4,4,0.018,0.124,0.218,0.299,0.524,0.421,0.635,0.727,0.815,0.913,0.141,0.528,1.162,1.592,2.106,2.141,2.859,3.148,3.965,4.289,,,,,,,,,
2023-06-15 19:00:55,2023-06-15 19:14:46,0,173.24.32.167,100,830,1,2023-06-15 19:14:47,R_diMUQ3TjoEyob61,,,,,38.9336,-92.363,anonymous,EN,100,100,10,100,5,5,3,4,3,5,3,3,2,3,3,4,,,,,,,,,,,,,,,,,,,,,,,,60,70,40,60,5,1,2,1,60,40,30,100,100,100,1,100,"I liked the additional information of what the actual statistics were back in 2018. It gives some insight to what life was actually like back then without the haze of nostalgia. I was in Highschool so those issues weren't as front and center in my life as I remembered (I took my government class in my freshmen year back in 2016 and my US history in 2018). ","COVID really altered what life was like back then. For instance, my friends and I watched a Vine compilation (internet videos before tik tok came to life) and they mentioned movies and pop culture that I viewed were much more recent than it actually was. So, my perception of reality was skewed a bit",,21,1,1,4,5,5,4,2,5,4,4,1,4,0.07,0.182,0.287,0.415,0.528,0.611,0.675,0.732,0.765,0.823,0.19,0.246,1.099,1.056,1.782,2.246,1.549,2.613,3.761,4.317,,,,,,,,,
2023-06-16 12:01:49,2023-06-16 12:19:41,0,107.116.7.116,100,1072,1,2023-06-16 12:19:42,R_1CxbFKqQaU8bkvJ,,,,,38.5774,-90.6709,anonymous,EN,100,88,100,100,5,5,4,3,4,4,2,2,3,3,3,3,100,86,100,100,3,1,1,1,88,80,98,100,100,93,89,100,I enjoyed how we went back and forth from the past with the statements.,The challenges with the exercises I completed was to determine what was true and false.,,19,2,1,2,,,,,,,,,,,,,,,,,,,,,,,,4,4,5,6,5,4,6,1,6,0.037,0.138,0.292,0.372,0.489,0.366,0.714,0.726,0.726,0.837,0.492,3.569,2.523,2.554,2.046,2.062,2.708,2.662,3.8,3.646,,,,,,,,,
2023-06-19 11:37:14,2023-06-19 11:47:10,0,68.119.252.145,100,596,1,2023-06-19 11:47:11,R_1FaG3ilkrqJQ9es,,,,,38.783,-90.6351,anonymous,EN,70,79,15,100,4,4,4,5,4,4,2,3,2,3,3,4,,,,,,,,,,,,,,,,,,,,,,,,60,80,48,90,4,4,3,1,68,75,30,100,65,70,15,100,I liked hearing about how people of the past responded to these questions.,None,,20,1,1,3,4,5,4,2,3,4,4,3,4,0.039,0.13,0.263,0.366,0.496,0.431,0.676,0.794,0.859,0.938,0.07,0.542,0.986,1.282,2.43,2.887,3.458,3.599,4.289,4.641,,,,,,,,,
2023-06-19 13:29:48,2023-06-19 13:41:53,0,174.86.178.0,100,725,1,2023-06-19 13:41:54,R_RqK9GMCQFin0IXn,,,,,38.763,-90.5474,anonymous,EN,100,50,34,100,3,4,5,5,4,5,1,1,2,3,2,1,55,45,34,76,1,3,1,1,86,90,70,99,80,45,44,100,It was plainly agree or disagree on a scale which is easy to show what I think about the issue.,After seeing what other people thought about these issues it influenced a change on what I would have originally put.,,22,1,1,4,,,,,,,,,,,,,,,,,,,,,,,,5,2,3,4,5,5,3,3,5,0.027,0.173,0.258,0.214,0.504,0.593,0.644,0.693,0.692,0.859,0.021,0.254,1.113,1.028,2.732,2.718,3.127,3.289,4.028,4.592,,,,,,,,,
2023-06-19 17:09:29,2023-06-19 17:21:00,0,35.129.216.204,100,691,1,2023-06-19 17:21:01,R_2SoSu0KRLW8uZnB,,,,,38.7472,-90.7247,anonymous,EN,58,84,0,100,3,4,4,3,4,4,3,2,2,3,2,4,,,,,,,,,,,,,,,,,,,,,,,,29,18,63,0,1,2,1,1,41,45,31,100,54,72,0,100,that it asked me the percentage I thought agreed with the statements and showed me what the actual percentage was because I didn't know.,how the ethical and unethical questions were stated.,,20,2,1,3,3,2,2,1,2,1,1,6,2,0.03,0.128,0.239,0.323,0.494,0.623,0.7,0.79,0.863,0.948,0.07,0.415,0.859,1.162,1.838,1.627,2.12,2.627,3.268,3.93,,,,,,,,,
2023-06-20 10:13:45,2023-06-20 10:22:05,0,161.130.189.225,100,500,1,2023-06-20 10:22:06,R_O8ucjw9GpADDBRv,,,,,38.9361,-92.3056,anonymous,EN,100,100,100,100,4,4,4,4,4,4,2,1,2,4,2,4,,,,,,,,,,,,,,,,,,,,,,,,100,100,100,100,1,1,2,1,71,53,32,98,99,98,3,83,how the questions were worded,thinking through some of the problems as if I was in someone else's shoes,,18,1,1,1,4,6,6,3,5,6,5,6,5,0.042,0.123,0.218,0.358,0.53,0.661,0.663,0.845,0.848,0.928,0.183,0.486,1.148,1.986,2.852,2.979,3.535,3.831,4.479,4.592,,,,,,,,,
2023-06-20 10:20:50,2023-06-20 10:35:19,0,161.130.190.21,100,869,1,2023-06-20 10:35:20,R_2wnpaExCOl4V7V2,,,,,38.9361,-92.3056,anonymous,EN,70,86,70,100,4,4,5,4,5,4,1,2,3,4,2,4,46,80,30,100,1,1,4,1,88,91,94,100,68,84,53,100,It shows you the 2018 results so you can see how far off from your guess.,Trying to determine where I felt among some the statements issued.,,19,1,1,1,,,,,,,,,,,,,,,,,,,,,,,,2,5,5,4,5,4,4,5,6,0.011,0.139,0.266,0.473,0.542,0.551,0.659,0.883,0.969,0.992,0,0.113,0.951,0.697,2.085,2.62,3.141,3.338,4.359,4.725,,,,,,,,,
2023-06-20 12:00:50,2023-06-20 12:12:36,0,73.185.230.154,100,706,1,2023-06-20 12:12:37,R_242WBXijFNuzkQt,,,,,39.0169,-94.2611,anonymous,EN,61,52,53,100,4,4,4,3,4,4,3,3,2,3,4,3,81,81,67,83,3,1,2,1,81,78,72,100,81,62,66,100,Some things I liked was that it made me think about how others feel/felt about the topics listed. It makes you think outside of what you believe/feel.,A change that I had was that I thought about how others felt. It made me look at those topics from a different point of view.,,19,2,"1,5",3,,,,,,,,,,,,,,,,,,,,,,,,5,4,4,4,4,4,3,3,4,0.017,0.132,0.274,0.357,0.5,0.574,0.601,0.828,0.781,0.99,0.111,3.456,5,5,5,3.23,2.526,4.28,0.892,2.315,,,,,,,,,
2023-06-21 07:52:41,2023-06-21 08:00:04,0,161.130.189.211,100,443,1,2023-06-21 08:00:05,R_yPZSHQrOyZ3d6jD,,,,,38.9361,-92.3056,anonymous,EN,100,100,0,100,5,5,5,4,5,4,2,3,2,2,2,4,,,,,,,,,,,,,,,,,,,,,,,,43,19,69,83,1,2,4,4,71,64,45,97,95,92,6,100,The questions were thought provoking,I had to think about some things that I hadn’t considered in awhile,,19,2,1,3,5,4,5,3,2,6,4,2,4,0.017,0.07,0.485,0.72,1,0.587,0.637,0.735,0.8,0.915,0.176,3.514,5,5,5,5,5,5,5,5,,,,,,,,,
2023-06-21 15:06:12,2023-06-21 15:17:08,0,66.189.224.214,100,655,1,2023-06-21 15:17:08,R_3OdHUi6XZi7KAmy,,,,,38.7472,-90.7247,anonymous,EN,75,71,16,100,4,4,4,3,2,3,2,2,3,2,3,2,,,,,,,,,,,,,,,,,,,,,,,,83,51,30,92,2,1,4,1,72,81,16,100,64,50,20,100,I liked seeing actual results after guessing.,No challenges,,18,2,1,1,1,4,5,6,5,3,5,2,4,0.012,0.1,0.287,0.389,0.552,0.599,0.342,0.806,0.868,0.981,0.096,3.193,4.01,5,4.44,4.737,5,4.53,4.871,4.728,,,,,,,,,
2023-06-22 10:19:07,2023-06-22 10:25:12,0,161.130.190.7,100,365,1,2023-06-22 10:25:13,R_2dmOdDlZFdfIGLu,,,,,38.9361,-92.3056,anonymous,EN,83,84,0,100,2,5,5,5,5,5,2,4,3,3,4,4,84,83,0,100,1,1,5,1,88,83,0,100,85,86,0,100,I liked how it showed the results and asked how surprised you were,I didn't have any challenged,,21,2,1,4,,,,,,,,,,,,,,,,,,,,,,,,5,4,6,6,6,6,6,6,6,0.052,0.135,0.262,0.207,0.501,0.563,0.668,0.692,0.893,0.9,0.507,2.535,5,5,5,5,5,5,5,5,,,,,,,,,
2023-06-16 12:20:27,2023-06-16 12:20:31,0,107.116.7.116,1,3,0,2023-06-23 12:20:32,R_3JemQfdvxwjYljs,,,,,,,anonymous,EN,,,,,,,,,,,,,,,,,,,,,,,,,,,,,,,,,,,,,,,,,,,,,,,,,,,,,,,,,,,,,,,,,,,,,,,,,,,,,,,,,,,,,,,,,,,,,,,,,,,,
2023-06-25 16:31:28,2023-06-25 16:43:15,0,173.216.129.42,100,707,1,2023-06-25 16:43:16,R_3rNE0tDY81VRygR,,,,,36.971,-93.716,anonymous,EN,59,100,0,100,4,4,4,3,4,5,1,2,2,2,4,3,20,30,80,25,4,4,1,4,86,92,45,92,60,100,0,100,"I liked that after I attempted to predict the average people agreed or disagreed with something that the true results were shown. ",A challenge I had was that some of the topics I did not have a lot of knowledge in so I had to choose neither.,,19,2,5,2,,,,,,,,,,,,,,,,,,,,,,,,4,4,3,3,1,3,5,5,3,0.03,0.159,0.275,0.331,0.479,0.555,0.614,0.755,0.807,0.952,0.021,0.423,0.592,0.718,1.099,1.845,2.141,2.042,3.225,3.472,,,,,,,,,
2023-06-26 13:31:01,2023-06-26 13:37:39,0,73.185.230.154,100,398,1,2023-06-26 13:37:40,R_WD7dBBu8TNsWYVP,,,,,39.0169,-94.2611,anonymous,EN,78,60,59,100,4,4,4,4,3,3,3,3,3,4,4,4,,,,,,,,,,,,,,,,,,,,,,,,56,49,40,99,4,3,3,1,74,51,41,99,77,57,51,100,What I liked about this exercise is that it made me think about how others think/feel about certain topics,A challenge I faced was thinking about others views and perspectives,,19,2,"1,5",3,5,3,3,4,4,3,2,2,4,0.029,0.102,0.314,0.264,0.487,0.631,0.593,0.714,0.876,0.969,0.125,3.632,5,2.738,3.815,1.547,2.921,1.287,4.259,2.16,,,,,,,,,
2023-06-26 14:43:42,2023-06-26 14:51:42,0,69.242.152.67,100,480,1,2023-06-26 14:51:43,R_rqd6cXxchRdJmBH,,,,,39.0169,-94.3137,anonymous,EN,100,100,50,100,5,5,5,4,5,5,5,5,5,5,5,5,,,,,,,,,,,,,,,,,,,,,,,,100,100,52,100,5,5,3,1,100,100,54,100,100,100,47,100,"The things I enjoyed was seeing what the percentages were regarding, capital punishment and slavery","No challenges.  Everything was straight forward. ",,39,2,2,4,5,3,4,6,6,6,6,1,1,0.948,0.348,0.177,0.735,0.515,0.282,0.111,0.746,0.561,0.911,0.465,1.211,2.275,0.162,3.69,4.739,1.296,4.655,5,0.38,,,,,,,,,
2023-06-27 09:27:17,2023-06-27 09:41:07,0,50.83.143.170,100,829,1,2023-06-27 09:41:07,R_0BBIf1Xr49OHFbb,,,,,38.5773,-92.2443,anonymous,EN,100,81,20,100,4,4,5,5,4,5,1,2,1,3,2,2,40,10,81,100,2,5,4,1,100,81,61,100,100,82,10,100,"I like seeing the actual statistics from the 2018 data. It was suprising and interesting to see what a large population perceived the issues as compared to me. At the time I was 17 so there was probably not as much attention given to those issues when I was that young compared to now; 5 years later. ","I didn't encounter any challenges with this exercise. ",,22,2,1,5,,,,,,,,,,,,,,,,,,,,,,,,5,4,4,5,1,3,6,1,4,0.013,0.09,0.227,0.42,0.506,0.638,0.732,0.763,0.907,0.968,0.099,2.275,1.042,1.838,2.134,3.408,2.852,3.282,4.289,4.451,,,,,,,,,
2023-06-27 13:42:07,2023-06-27 13:50:12,0,96.35.172.26,100,485,1,2023-06-27 13:50:13,R_BXQx1OiR2YUgMOB,,,,,38.6976,-90.3604,anonymous,EN,70,50,30,100,5,5,3,5,3,2,1,1,3,3,3,4,50,50,50,80,4,5,5,3,50,50,50,80,70,50,30,100,I liked that they were relevant questions.,1-100 is hard I think 1-5 or 1-10 would be easier,,22,1,1,4,,,,,,,,,,,,,,,,,,,,,,,,5,3,6,4,6,4,4,1,6,0.052,0.24,0.311,0.431,0.529,0.594,0.652,0.711,0.665,0.886,0,0.077,0.969,1.062,1.938,1.831,3.569,3.431,3.662,4.292,,,,,,,,,
2023-06-27 18:41:14,2023-06-27 18:49:39,0,70.112.64.36,100,505,1,2023-06-27 18:49:40,R_3nVfILURRMAYqRU,,,,,30.2627,-97.7467,anonymous,EN,82,73,58,100,4,4,4,4,4,4,2,4,4,4,4,4,,,,,,,,,,,,,,,,,,,,,,,,100,100,60,100,4,4,4,1,81,70,51,100,81,84,56,100,I liked how I answered the questions then I got to see the percentage of people that put similar answers to mine,"picking an exact percent of how much I agreed or disagreed ",,20,2,1,3,2,4,4,4,3,5,5,1,4,0.085,0.19,0.301,0.366,0.528,0.439,0.744,0.645,0.79,0.911,0.577,3.437,1.894,4.408,0.676,1.627,0.739,4.211,0.824,3.951,,,,,,,,,
2023-07-02 14:38:41,2023-07-02 14:48:54,0,65.116.105.14,100,612,1,2023-07-02 14:48:54,R_TuDlOZghEqAIMvv,,,,,38.9361,-92.3056,anonymous,EN,75,65,50,100,2,3,4,2,5,5,1,2,2,2,3,2,,,,,,,,,,,,,,,,,,,,,,,,55,45,50,85,4,4,5,2,55,50,37,99,65,55,50,100,I enjoyed learning about the public polls.,"I am a bit unknowledgeable about green house emissions, so I didn't know how to accurately answer the question.",,20,2,1,3,4,3,3,2,4,5,6,1,6,0.031,0.154,0.268,0.377,0.485,0.561,0.632,0.763,0.846,0.93,0.134,3.155,5,5,5,2.866,3.127,3.634,4.838,4.908,,,,,,,,,
2023-07-05 19:15:55,2023-07-05 19:30:42,0,107.119.41.67,100,887,1,2023-07-05 19:30:42,R_3Ej2yG1K82W93AG,,,,,39.7801,-86.0557,anonymous,EN,85,35,62,100,4,4,5,3,5,4,2,4,3,2,4,4,60,63,50,100,2,3,5,1,70,87,80,100,85,66,66,100,"I liked how all the questions were about different things about society and the earth yet still revolved around people and how these things affect everyone. ","I think it was a little challenging to know what the people in today's society would want because you need to take people on both sides of the argument into consideration. ",,18,2,1,1,,,,,,,,,,,,,,,,,,,,,,,,4,4,4,4,4,4,6,2,6,0.014,0.169,0.255,0.41,0.508,0.642,0.645,0.731,0.721,0.903,0.021,0.246,0.852,0.993,2.57,2.38,2.965,3.373,4.197,4.592,,,,,,,,,
2023-07-05 23:34:43,2023-07-05 23:45:03,0,184.92.114.44,100,620,1,2023-07-05 23:45:03,R_3k6q5oKKmWGgElp,,,,,38.7154,-94.439,anonymous,EN,100,100,19,100,4,4,4,2,5,5,2,2,4,4,2,2,,,,,,,,,,,,,,,,,,,,,,,,61,32,55,97,4,3,2,1,75,61,20,100,100,85,,100,"I liked being able to compare my own opinions with the American consensus. ",It forced me to confront my own standing on things and have to gauge them against societies viewpoint,,20,2,1,3,3,3,4,4,4,2,5,2,6,0.029,0.129,0.241,0.345,0.508,0.574,0.667,0.798,0.859,0.917,0.161,0.414,0.611,0.752,1.294,1.492,1.766,1.682,2.034,1.773,,,,,,,,,
2023-07-06 08:18:30,2023-07-06 08:25:56,0,69.242.152.67,100,445,1,2023-07-06 08:25:57,R_21v8HuiInqMXEZp,,,,,39.0169,-94.3137,anonymous,EN,100,100,100,100,5,5,5,5,5,5,3,1,5,2,5,5,100,100,100,100,1,1,1,1,100,100,96,100,100,100,100,100,"It was interesting to see the different percentages after years. ","No challenges ",,38,2,2,4,,,,,,,,,,,,,,,,,,,,,,,,5,1,6,6,6,6,6,6,3,0.18,0.71,0.838,0.946,0.566,0.789,0.692,0.556,0.438,0.286,1.021,3.585,1.634,3.634,4.282,0.958,2.092,3.521,0.19,2.183,,,,,,,,,
2023-07-06 08:26:22,2023-07-06 08:38:43,0,108.241.197.81,100,740,1,2023-07-06 08:38:44,R_1EWpd37nccGpkkL,,,,,38.6287,-90.1988,anonymous,EN,91,100,38,100,4,4,4,4,4,5,2,3,2,3,4,3,87,91,38,100,2,3,1,1,74,72,49,100,56,100,41,100,It opened my eyes to how people in America think about certain topics that are important in today's day and age.,I did not have any challenges.,,21,1,1,4,,,,,,,,,,,,,,,,,,,,,,,,3,6,6,6,6,5,4,2,5,0.024,0.107,0.294,0.297,0.535,0.556,0.615,0.737,0.765,0.88,0.042,0.169,0.789,1.056,2.338,2.585,2.937,2.5,4.19,3.979,,,,,,,,,
2023-07-06 11:33:44,2023-07-06 11:50:42,0,172.59.168.26,100,1018,1,2023-07-06 11:50:43,R_1nQ72DHS0mtwmaW,,,,,38.5753,-90.2651,anonymous,EN,92,60,55,100,3,4,5,4,5,4,2,2,3,3,4,2,,,,,,,,,,,,,,,,,,,,,,,,65,40,19,95,5,1,2,1,63,45,30,98,75,31,22,100,I like how I was able to estimate the 2018 poll results and then able to respond on my level of surprise (or not) to the results!,"I felt as though after viewing the 2018 results from other Americans, it made me question my own thoughts on some of the questions. For example, if I answered 80% agree and the results reflect that the average answer was 40% from the rest of the pollers, it made me wonder why or what the thinking process was and maybe changed my answers the second time I was asked the same questions. ",,20,2,1,3,4,5,4,6,6,5,4,2,4,0.032,0.117,0.252,0.369,0.52,0.61,0.727,0.858,0.823,0.9,0.028,0.394,1.19,0.951,1.711,1.986,2.423,2.662,4.127,4.486,,,,,,,,,
2023-07-08 14:01:15,2023-07-08 14:08:03,0,63.146.54.254,100,408,1,2023-07-08 14:08:04,R_1pMC1nbeL7fMUYJ,,,,,38.9361,-92.3056,anonymous,EN,60,10,80,100,4,4,5,3,4,3,2,3,4,3,4,3,,,,,,,,,,,,,,,,,,,,,,,,75,68,44,100,2,2,3,1,55,37,58,100,35,10,76,100,got to see public perception of certain issues.,None.,,21,1,1,3,4,3,4,4,4,2,4,5,5,0.083,0.183,0.33,0.456,0.501,0.665,0.811,0.841,0.918,0.97,0.106,1.634,2.923,3.789,3.761,5,4.521,3.232,5,3.993,,,,,,,,,88117
2023-07-09 11:04:35,2023-07-09 11:08:00,0,173.29.134.83,100,205,1,2023-07-09 11:08:01,R_31ioO7ihQ7Su10a,,,,,38.9361,-92.3056,anonymous,EN,48,47,67,64,3,4,3,2,3,4,2,2,5,5,5,4,59,63,66,97,2,3,3,3,69,63,54,86,59,54,58,60,how the questions were phrased,answering without my prior biases,,18,1,1,1,,,,,,,,,,,,,,,,,,,,,,,,3,4,2,4,4,4,4,4,4,0.135,0.223,0.293,0.404,0.521,0.649,0.679,0.721,0.797,0.923,3.401,3.303,3.232,3.197,4.423,3.261,3.444,3.451,3.655,3.732,,,,,,,,,88131
2023-07-11 14:54:45,2023-07-11 15:11:29,0,128.206.138.159,100,1004,1,2023-07-11 15:11:29,R_ysYbsgWsNu2tYEF,,,,,38.9933,-92.3078,anonymous,EN,100,90,30,100,3,4,5,5,4,3,1,1,3,2,3,3,,,,,,,,,,,,,,,,,,,,,,,,40,70,40,95,4,3,5,1,60,70,50,100,100,80,20,100,"The scale was easy to interpret, and gave more room for specifics than a normal scale of 1-10. Being able to guess the percentages before being shown the real statistics shone light on the things that I personally value.","There were a few moments I felt as though I was repeating the same question I had earlier, such as my personal opinions being stated at both the beginning and end of the survey.",,19,2,1,2,4,4,5,2,4,3,4,2,6,0.027,0.125,0.248,0.293,0.456,0.548,0.645,0.714,0.786,0.935,0.246,1.711,2.915,3.69,4,2.155,2.676,3,3.155,4.176,,,,,,,,,88122
2023-07-12 09:26:53,2023-07-12 09:40:15,0,161.130.189.209,100,802,1,2023-07-12 09:40:16,R_2qaTBZpw2nkcEES,,,,,38.9336,-92.363,anonymous,EN,65,80,30,90,4,4,4,3,5,5,2,3,3,4,4,4,40,70,55,70,3,1,2,4,75,85,70,90,75,90,65,95,"I liked how there were results from the 2018 study and I could see what the general population put down as their answer. I also then liked how you asked about the 2023 study to then compare the answers to previous years. ","I couldn't decide if from 2018 these things have changed in positive or negative ways and as time has passed if people would agree or disagree more depending on the age they are and the life experiences they have had. ",,18,2,"1,3",1,,,,,,,,,,,,,,,,,,,,,,,,4,5,4,4,4,4,5,2,5,0.025,0.103,0.248,0.377,0.475,0.587,0.649,0.696,0.758,0.906,0.106,3.099,5,5,5,1.782,2.866,3.232,4.211,4.049,,,,,,,,,88070
2023-07-05 14:26:48,2023-07-05 14:36:42,0,50.83.143.170,1,594,0,2023-07-12 14:36:43,R_DirB2IIZTJZXmaB,,,,,,,anonymous,EN,,,,,,,,,,,,,,,,,,,,,,,,,,,,,,,,,,,,,,,,,,,,,,,,,,,,,,,,,,,,,,,,,,,,,,,,,,,,,,,,,,,,,,,,,,,,,,,,,,,,
2023-07-14 13:08:18,2023-07-14 13:26:47,0,76.33.75.2,100,1108,1,2023-07-14 13:26:47,R_3RjU69lh16LcuJE,,,,,33.8631,-118.3923,anonymous,EN,100,60,70,100,4,3,5,5,4,4,1,2,3,3,4,3,80,86,60,90,3,1,4,1,93,96,45,100,86,60,75,100,"I liked that the exercise made me think about a concentrated topic, so I could think deeply about the questions without getting lost in my own train of thought.","The biggest challenge for me was remembering 2018 as I was only in middle school, and in hindsight, my opinions on global matters were only reflections of those around me.",,19,1,2,2,,,,,,,,,,,,,,,,,,,,,,,,3,4,6,5,6,4,5,1,5,0.038,0.123,0.235,0.466,0.496,0.561,0.648,0.831,0.815,0.924,0.056,0.5,1.19,1.683,2.634,2.261,2.627,3.831,3.993,4.021,,,,,,,,,88121
2023-07-12 09:42:07,2023-07-16 13:39:21,0,161.130.189.242,100,359834,1,2023-07-16 13:39:22,R_8dXeqFNduJAZvGx,,,,,38.9336,-92.363,anonymous,EN,70,95,50,80,4,4,4,3,4,5,2,3,3,4,3,4,,,,,,,,,,,,,,,,,,,,,,,,75,90,60,70,4,5,2,2,60,90,60,60,80,95,60,75,"I liked how I could see the different statistics from different years about these issues taking place and then could also voice my own opinion. ","Some challenges were deciding how I felt about certain issues and if I thought these issues people were agreeing with or disagreeing with more or less as time went on. ",,18,2,"1,3",1,4,4,4,3,4,5,5,5,5,0.018,0.09,0.246,0.396,0.487,0.585,0.637,0.72,0.817,0.946,0.035,0.345,1.106,1.408,2.028,1.972,2.789,3.063,3.88,4.063,,,,,,,,,88070
2023-07-16 18:58:06,2023-07-16 19:12:16,0,76.3.100.183,100,849,1,2023-07-16 19:12:16,R_216NAdHxsXLhjmw,,,,,38.9336,-92.363,anonymous,EN,100,83,65,100,4,4,5,5,5,4,1,2,2,1,3,4,64,80,60,95,1,1,3,1,76,76,52,98,88,78,57,100,I liked how comprehensible the statements were and the range of the scale.,"Remembering what 2018 was like, it seemed like an eternity ago.",,19,2,"1,5",2,,,,,,,,,,,,,,,,,,,,,,,,4,4,4,5,5,4,4,4,4,0.006,0.089,0.258,0.204,0.5,0.599,0.751,0.694,0.839,0.928,0.035,0.113,0.317,1.521,1.965,1.648,3.599,2.93,4.535,4.69,,,,,,,,,88120
2023-07-10 10:17:33,2023-07-10 10:17:36,0,192.82.245.239,1,3,0,2023-07-17 10:17:42,R_241yx0j5JxN0qNo,,,,,,,anonymous,EN,,,,,,,,,,,,,,,,,,,,,,,,,,,,,,,,,,,,,,,,,,,,,,,,,,,,,,,,,,,,,,,,,,,,,,,,,,,,,,,,,,,,,,,,,,,,,,,,,,,,88068
2023-07-17 15:57:52,2023-07-17 16:05:06,0,24.178.249.211,100,434,1,2023-07-17 16:05:07,R_UPycgZVqxxyc86d,,,,,38.6287,-90.1988,anonymous,EN,58,1,61,98,3,3,3,3,2,4,2,3,2,4,3,3,,,,,,,,,,,,,,,,,,,,,,,,40,74,8,100,2,3,4,1,56,57,36,100,40,3,64,100,I enjoyed learning about what other surveys were like.,No challenges.,,21,1,1,4,5,4,4,4,5,4,4,4,5,0.077,0.123,0.218,0.303,0.511,0.575,0.685,0.762,0.782,0.866,0.014,0.19,0.817,0.93,1.542,1.099,1.465,3.472,4.162,4.246,,,,,,,,,88083
2023-07-17 21:04:14,2023-07-17 21:10:12,0,173.31.201.158,100,357,1,2023-07-17 21:10:13,R_12M5fmaoqicST82,,,,,38.9361,-92.3056,anonymous,EN,70,50,67,100,4,4,4,3,5,4,3,3,3,2,4,4,92,100,36,100,3,4,4,1,92,93,34,100,79,43,33,100,"I liked the different range of questions and how the results were compared with the recent and old ones. ","I had a hard time knowing what people these days would think about the questions. ",,18,2,1,1,,,,,,,,,,,,,,,,,,,,,,,,5,4,3,3,4,4,6,1,5,0.015,0.128,0.256,0.407,0.515,0.677,0.656,0.765,0.839,0.955,0.007,0.204,1.218,2.169,3.528,2.197,2.655,2.866,3.965,3.824,,,,,,,,,
2023-07-11 15:12:41,2023-07-11 15:12:47,0,128.206.138.159,1,5,0,2023-07-18 15:12:47,R_3L0DXAfIlLRJClV,,,,,,,anonymous,EN,,,,,,,,,,,,,,,,,,,,,,,,,,,,,,,,,,,,,,,,,,,,,,,,,,,,,,,,,,,,,,,,,,,,,,,,,,,,,,,,,,,,,,,,,,,,,,,,,,,,88122
2023-07-19 07:49:13,2023-07-19 08:05:37,0,104.28.32.113,100,984,1,2023-07-19 08:05:38,R_31Lgu6iKueFsvDQ,,,,,38.6287,-90.1988,anonymous,EN,100,50,50,100,5,5,4,5,5,5,1,3,3,3,2,1,,,,,,,,,,,,,,,,,,,,,,,,42,79,79,100,1,3,1,1,85,83,21,100,100,22,46,100,It was interesting to see the opinions over the years and how my opinions lined up with them.,I didn’t find any difficulties,,20,1,1,3,1,3,4,5,5,5,4,4,5,0.015,0.132,0.286,0.357,0.495,0.585,0.603,0.732,0.825,0.957,0.031,0.415,1.123,1.523,2.754,3.046,2.769,3.354,3.908,4.431,,,,,,,,,88076
2023-07-19 17:48:11,2023-07-19 18:04:22,0,161.130.189.218,100,971,1,2023-07-19 18:04:22,R_2ToqnujB0nrIT2x,,,,,38.9336,-92.363,anonymous,EN,15,2,100,100,4,4,5,1,2,4,5,5,3,3,3,3,45,4,85,100,4,5,2,5,75,85,65,100,5,10,100,100,I thought that making it about other peoples options plus mine was very unique and inclusion which I loved.,"I didn't necessarily feel like I was well educated enough on some of the topics of the questions I was asked. ",,18,2,1,1,,,,,,,,,,,,,,,,,,,,,,,,4,2,2,3,6,1,6,1,4,0.028,0.132,0.251,0.348,0.494,0.407,0.68,0.741,0.811,0.879,0.12,0.07,5,5,5,5,5,5,5,5,,,,,,,,,88102
2023-07-16 13:39:32,2023-07-20 10:59:33,0,64.85.195.48,100,336000,1,2023-07-20 10:59:33,R_2y9DvpQvy4TOyyI,,,,,38.9361,-92.3056,anonymous,EN,70,95,65,85,4,4,3,3,4,4,2,3,3,4,4,4,65,95,54,70,1,3,2,4,50,95,70,80,70,95,75,85,"I liked how I could see the difference between the different year's studies and how they slightly changed. I also liked how I could voice my own opinion about these topics. ","A challenge I had was determining if over the years people would agree with something more of less depending where they live and what their beliefs are. ",,18,2,"1,3",1,,,,,,,,,,,,,,,,,,,,,,,,4,4,4,4,4,5,5,2,5,0.014,0.104,0.224,0.383,0.487,0.589,0.635,0.711,0.821,0.931,0.028,0.373,1.106,1.394,2,2.401,2.711,2.951,3.754,3.986,,,,,,,,,88070
2023-07-14 10:26:31,2023-07-14 10:26:45,0,63.146.54.254,1,13,0,2023-07-21 10:26:47,R_8oFtWwLAxD9Bq1j,,,,,,,anonymous,EN,,,,,,,,,,,,,,,,,,,,,,,,,,,,,,,,,,,,,,,,,,,,,,,,,,,,,,,,,,,,,,,,,,,,,,,,,,,,,,,,,,,,,,,,,,,,,,,,,,,,88117
2023-07-14 13:35:45,2023-07-15 16:29:42,0,76.168.176.152,1,96836,0,2023-07-22 16:29:44,R_2Qg3n3vUbQygcT7,,,,,,,anonymous,EN,,,,,,,,,,,,,,,,,,,,,,,,,,,,,,,,,,,,,,,,,,,,,,,,,,,,,,,,,,,,,,,,,,,,,,,,,,,,,,,,,,,,,,,,,,,,,,,,,,,,88121
2023-07-22 20:30:40,2023-07-22 20:42:16,0,104.166.202.55,100,696,1,2023-07-22 20:42:17,R_02FZNkXpnFfE0b7,,,,,38.9336,-92.363,anonymous,EN,100,50,60,100,4,4,5,4,4,5,1,2,2,3,3,2,,,,,,,,,,,,,,,,,,,,,,,,40,30,30,100,2,2,3,1,60,70,20,100,90,65,60,100,Interesting to see the results after my guesses to see how accurate I was.,I had no outstanding challenges in this exercise.,,21,1,1,3,2,5,6,6,6,5,5,5,6,0.041,0.11,0.218,0.363,0.504,0.562,0.648,0.768,0.849,0.917,0.077,0.634,1.317,1.493,3.141,2.718,3.141,3.493,3.986,4.486,,,,,,,,,88090
2023-07-24 18:56:57,2023-07-24 19:04:35,0,24.107.138.138,100,457,1,2023-07-24 19:04:36,R_3esL7CABzudvtkw,,,,,38.6287,-90.1988,anonymous,EN,100,72,66,100,5,5,5,3,5,5,2,1,3,3,4,2,87,55,52,100,4,4,1,1,89,56,59,100,100,62,57,100,I liked how it showed what the general public showed on these statements.,None.,,20,1,1,3,,,,,,,,,,,,,,,,,,,,,,,,5,5,5,6,6,4,6,1,5,0.004,0.085,0.273,0.363,0.53,0.637,0.707,0.807,0.868,0.944,0.049,0.289,1.317,1.768,3.063,3.211,3.768,3.852,4.535,4.627,,,,,,,,,88081
2023-07-24 19:08:35,2023-07-24 19:13:47,0,24.107.138.138,100,312,1,2023-07-24 19:13:48,R_4TsPgtC0aWj1s6R,,,,,38.6287,-90.1988,anonymous,EN,100,56,59,100,5,5,5,3,5,5,2,2,3,3,4,1,,,,,,,,,,,,,,,,,,,,,,,,93,65,65,100,5,3,3,1,89,64,39,100,100,56,49,100,Showing the publics answers,Zero,,20,1,1,3,5,4,4,6,6,4,6,1,4,0,0.039,0.27,0.332,0.528,0.62,0.758,0.824,0.89,0.949,0,0.437,1.521,1.676,2.958,1.732,3.197,3.472,3.725,3.915,,,,,,,,,88081
2023-07-24 22:54:28,2023-07-25 00:33:08,0,97.87.113.62,100,5920,1,2023-07-25 00:33:09,R_2tKyBLm83TMIrVy,,,,,38.804,-90.8534,anonymous,EN,80,70,10,100,4,4,4,4,5,5,2,2,2,2,3,2,48,35,30,2,4,4,5,1,95,91,30,100,90,80,10,100,I liked how I had to compare responses from 2018 to the current time since it is interesting how topics/opinions of the public can change so significantly over the course of a few years.,I realized halfway in I didn't fully read and understand the prompt it was asking me so the beginning responses on the sliding bar question may have not been as accurate as I would have answered.,,20,1,1,3,,,,,,,,,,,,,,,,,,,,,,,,4,6,6,4,6,5,6,1,6,0.017,0.131,0.231,0.376,0.52,0.621,0.704,0.904,0.844,0.975,0,0.493,1.493,1.401,2.613,2.754,3.296,3.683,4.317,4.725,,,,,,,,,88082
2023-07-25 23:18:50,2023-07-25 23:21:22,0,108.169.219.3,100,151,1,2023-07-25 23:21:22,R_2Y3Z5vLzV83aW2i,,,,,38.9361,-92.3056,anonymous,EN,61,51,16,77,2,3,4,3,4,2,3,2,3,4,3,3,,,,,,,,,,,,,,,,,,,,,,,,55,35,18,38,3,4,2,4,38,28,48,47,31,41,35,41,Great questions.,None,,20,1,1,4,2,3,2,3,3,3,3,3,3,0.292,0.32,0.345,0.608,0.477,0.641,0.531,0.489,0.654,0.52,0.225,3.472,3.901,5,5,5,5,5,5,5,,,,,,,,,88133
2023-07-26 09:50:58,2023-07-26 10:06:28,0,24.107.129.110,100,930,1,2023-07-26 10:06:29,R_1DYZeKE9SIZR1Xw,,,,,38.6287,-90.1988,anonymous,EN,71,55,60,100,4,4,5,3,4,5,2,2,3,3,2,4,78,61,35,90,1,3,5,1,90,87,40,95,50,66,70,100,I thought it was interesting to see honestly how similar we really are as a nation on a lot of different issues.,In the US there is such a broad understanding of a lot of different issues we have in the world and trying to understand from those different point of views made it difficult to see how others would have voted.,,20,1,1,3,,,,,,,,,,,,,,,,,,,,,,,,2,3,5,4,5,6,3,3,4,0.037,0.107,0.245,0.392,0.538,0.449,0.752,0.63,0.766,0.782,0.155,0.366,0.923,1.19,2.585,2.852,3.113,3.338,3.655,4.88,,,,,,,,,88116
2023-07-19 18:28:07,2023-07-19 19:08:20,0,161.130.189.218,1,2413,0,2023-07-26 19:09:09,R_1ovzbkiSre9PJt9,,,,,,,anonymous,EN,,,,,,,,,,,,,,,,,,,,,,,,,,,,,,,,,,,,,,,,,,,,,,,,,,,,,,,,,,,,,,,,,,,,,,,,,,,,,,,,,,,,,,,,,,,,,,,,,,,,88102
2023-07-19 17:50:05,2023-07-22 12:10:01,0,161.130.189.206,51,238796,0,2023-07-29 12:10:03,R_3et8bNbzmFSDf6Z,,,,,,,anonymous,EN,90,86,44,100,4,3,5,3,4,5,4,4,4,3,4,4,,,,,,,,,,,,,,,,,,,,,,,,100,87,35,100,5,2,1,2,78,71,53,100,82,82,29,100,"It was nice to form my own opinion on these social topics ",I didn't really have much education on some question,,18,2,2,1,,,,,,,,,,,,,,,,,,,,,,,,,,,,,,,,,,,,,,88092
